,City,Lat,Lng,Max Temp,Humidity,Cloudiness,Wind Speed,Country,Date
0,marzuq,14.4,46.47,69.13,35,62,6.64,YE,1609565601
1,bandarbeyla,9.49,50.81,76.24,64,48,19.55,SO,1609565601
2,gillette,44.29,-105.5,28.4,54,1,18.34,US,1609565602
3,punta arenas,-53.15,-70.92,53.6,58,0,26.4,CL,1609565362
4,port alfred,-33.59,26.89,68.0,70,45,1.99,ZA,1609565602
5,kulhudhuffushi,6.62,73.07,82.27,75,97,11.52,MV,1609565602
6,vardo,70.37,31.11,29.34,95,96,9.44,NO,1609565602
7,mataura,-46.19,168.86,57.0,87,100,5.99,NZ,1609565602
8,ponta do sol,32.67,-17.1,59.0,62,40,6.93,PT,1609565602
9,soe,-9.86,124.28,78.57,78,74,5.28,ID,1609565602
10,chuy,-33.7,-53.46,60.06,82,44,3.94,UY,1609565602
11,port-cartier,50.03,-66.87,14.0,72,45,3.36,CA,1609565602
12,sept-iles,50.2,-66.38,14.0,72,25,3.36,CA,1609565603
13,saskylakh,71.92,114.08,-11.27,89,100,12.26,RU,1609565603
14,bluff,-46.6,168.33,57.0,87,98,5.99,NZ,1609565603
15,the valley,18.22,-63.06,77.0,65,75,13.87,AI,1609565603
16,ushuaia,-54.8,-68.3,62.6,33,20,13.87,AR,1609565484
17,hasaki,35.73,140.83,52.0,42,20,4.7,JP,1609565603
18,saint george,37.1,-113.58,36.0,55,1,5.82,US,1609565603
19,butaritari,3.07,172.79,81.0,79,42,16.26,KI,1609565603
20,yar-sale,66.83,70.83,-27.22,83,9,9.1,RU,1609565603
21,jamestown,42.1,-79.24,35.01,100,90,16.11,US,1609565603
22,hermanus,-34.42,19.23,66.99,67,0,11.99,ZA,1609565603
23,busselton,-33.65,115.33,81.0,43,15,10.0,AU,1609565604
24,bambous virieux,-20.34,57.76,82.4,65,40,11.41,MU,1609565604
25,ostrovnoy,68.05,39.51,17.02,94,100,10.85,RU,1609565604
26,olden,61.84,6.81,32.0,88,75,16.11,NO,1609565604
27,los llanos de aridane,28.66,-17.92,60.8,72,75,8.05,ES,1609565604
28,cairns,-16.92,145.77,84.2,74,40,8.05,AU,1609565604
29,upernavik,72.79,-56.15,15.96,90,95,11.7,GL,1609565604
30,singaraja,-8.11,115.09,85.44,68,96,2.55,ID,1609565604
31,ocos,14.51,-92.19,68.0,97,100,6.71,GT,1609565604
32,bredasdorp,-34.53,20.04,64.4,72,5,8.05,ZA,1609565604
33,opuwo,-18.06,13.84,64.06,65,100,2.51,NA,1609565604
34,vaitape,-16.52,-151.75,81.37,76,22,19.8,PF,1609565605
35,seoul,37.57,126.98,30.2,23,1,3.36,KR,1609565352
36,jumla,29.27,82.18,57.34,23,72,4.27,NP,1609565605
37,ojinaga,29.57,-104.42,35.6,80,1,1.83,MX,1609565605
38,thompson,55.74,-97.86,10.4,85,90,4.7,CA,1609565605
39,qui nhon,13.77,109.23,69.39,90,100,17.74,VN,1609565605
40,anito,12.45,125.29,77.45,93,100,12.68,PH,1609565605
41,san patricio,28.02,-97.52,53.6,71,90,6.93,US,1609565605
42,hilo,19.73,-155.09,71.6,83,75,4.0,US,1609565577
43,iwaki,37.05,140.88,42.01,63,77,3.0,JP,1609565605
44,mar del plata,-38.0,-57.56,63.0,82,0,3.36,AR,1609565525
45,airai,-8.93,125.41,69.69,100,86,1.63,TL,1609565606
46,atuona,-9.8,-139.03,78.15,76,28,15.84,PF,1609565606
47,kozhva,65.11,57.05,-6.68,88,76,6.6,RU,1609565606
48,khatanga,71.97,102.5,-5.64,91,100,13.91,RU,1609565606
49,cherskiy,68.75,161.3,-36.62,82,93,4.25,RU,1609565606
50,pokhara,28.23,83.98,70.36,23,65,5.46,NP,1609565606
51,bethel,41.37,-73.41,33.01,97,90,4.7,US,1609565606
52,okakarara,-20.58,17.43,68.67,85,100,7.63,NA,1609565606
53,esmeraldas,-19.76,-44.31,68.0,100,75,4.7,BR,1609565606
54,santa maria,-29.68,-53.81,61.7,55,2,4.23,BR,1609565606
55,alibag,18.64,72.88,82.4,74,20,6.93,IN,1609565606
56,saint-philippe,-21.36,55.77,84.2,54,0,10.29,RE,1609565607
57,cape town,-33.93,18.42,66.99,52,0,8.05,ZA,1609565550
58,bull savanna,17.89,-77.59,70.14,81,0,10.47,JM,1609565607
59,port lincoln,-34.73,135.87,67.42,65,10,19.33,AU,1609565607
60,kapaa,22.08,-159.32,75.2,78,1,16.11,US,1609565607
61,apricena,41.78,15.44,42.8,87,40,8.05,IT,1609565607
62,dallas,32.77,-96.78,39.99,80,90,10.29,US,1609565343
63,salgar,5.96,-75.97,55.4,100,40,3.36,CO,1609565512
64,nishihara,26.18,127.76,69.8,63,20,14.99,JP,1609565607
65,collie,-33.37,116.15,80.01,36,2,5.01,AU,1609565607
66,aklavik,68.22,-135.01,-14.8,75,51,6.93,CA,1609565607
67,albany,42.6,-73.97,32.0,87,100,1.01,US,1609565608
68,mazyr,52.05,29.25,31.19,97,18,7.2,BY,1609565465
69,vanimo,-2.67,141.3,85.86,65,95,4.34,PG,1609565608
70,narsaq,60.92,-46.05,35.6,51,100,25.28,GL,1609565608
71,prieska,-29.66,22.75,76.28,53,75,16.08,ZA,1609565608
72,esperance,-33.87,121.9,69.8,49,90,17.22,AU,1609565608
73,lasa,46.62,10.7,30.99,100,90,2.24,IT,1609565608
74,trujillo,-8.12,-79.03,68.22,84,100,7.2,PE,1609565608
75,rikitea,-23.12,-134.97,78.13,65,83,11.32,PF,1609565608
76,tautira,-17.73,-149.15,84.2,58,20,4.7,PF,1609565608
77,barrow,71.29,-156.79,-14.8,75,20,9.17,US,1609565608
78,broken hill,-31.95,141.43,73.4,60,40,18.34,AU,1609565608
79,dashitou,43.31,128.51,2.66,80,4,8.93,CN,1609565609
80,koboko,3.41,30.96,72.07,66,89,1.7,UG,1609565609
81,avera,33.19,-82.53,66.2,95,75,5.82,US,1609565609
82,caravelas,-17.71,-39.25,73.6,93,25,5.95,BR,1609565609
83,moree,-29.47,149.85,87.8,40,40,8.05,AU,1609565609
84,bonnyville,54.27,-110.73,19.4,92,90,9.17,CA,1609565609
85,portland,45.52,-122.68,48.2,87,90,13.87,US,1609565578
86,fortuna,40.6,-124.16,50.0,93,75,5.32,US,1609565461
87,hobart,-42.88,147.33,71.6,53,75,8.05,AU,1609565402
88,lebu,-37.62,-73.65,55.29,84,0,18.45,CL,1609565609
89,buala,-8.14,159.59,85.1,68,61,5.12,SB,1609565609
90,puerto ayora,-0.74,-90.35,70.0,94,27,1.01,EC,1609565610
91,totskoye,52.52,52.76,14.13,94,100,12.95,RU,1609565610
92,vaini,-21.2,-175.2,78.8,88,75,10.29,TO,1609565610
93,constantine,36.37,6.61,37.4,69,20,11.41,DZ,1609565610
94,srednekolymsk,67.45,153.68,-35.27,83,77,5.55,RU,1609565610
95,provideniya,64.38,-173.3,16.52,95,100,19.01,RU,1609565610
96,inuvik,68.35,-133.72,-14.8,75,9,6.93,CA,1609565610
97,oxelosund,58.67,17.1,32.0,96,75,4.7,SE,1609565611
98,khislavichi,54.19,32.16,34.77,97,100,11.3,RU,1609565611
99,heihe,50.24,127.49,-4.0,53,0,6.71,CN,1609565611
100,cotacachi,0.3,-78.27,55.4,93,75,4.7,EC,1609565611
101,college,64.86,-147.8,0.0,69,75,3.89,US,1609565611
102,yellowknife,62.46,-114.35,-26.0,67,5,8.05,CA,1609565414
103,walvis bay,-22.96,14.51,63.0,82,89,9.17,NA,1609565611
104,sitka,57.05,-135.33,42.8,56,75,11.41,US,1609565611
105,nanakuli,21.39,-158.15,77.0,64,1,9.17,US,1609565612
106,mahebourg,-20.41,57.7,82.4,65,40,11.41,MU,1609565612
107,saravan,39.72,45.65,17.6,92,90,4.7,AM,1609565612
108,carnarvon,-24.87,113.63,84.2,74,0,16.11,AU,1609565612
109,poum,-20.23,164.02,79.07,85,100,22.91,NC,1609565612
110,aykhal,66.0,111.5,-16.6,82,0,8.95,RU,1609565612
111,pelagiada,45.21,42.02,44.6,39,0,11.18,RU,1609565612
112,fuling,29.7,107.39,50.32,53,97,3.98,CN,1609565612
113,syracuse,37.09,15.28,50.0,100,40,2.24,IT,1609565377
114,redcliffe,-27.23,153.1,81.0,61,20,10.29,AU,1609565612
115,luderitz,-26.65,15.16,60.8,77,28,8.05,NA,1609565612
116,iqaluit,63.75,-68.51,-11.0,69,75,5.82,CA,1609565360
117,haines junction,60.75,-137.51,0.37,88,100,1.68,CA,1609565613
118,san nicolas,18.17,120.6,87.8,48,40,10.29,PH,1609565613
119,huanren,41.26,125.37,12.9,61,2,3.49,CN,1609565613
120,pinega,64.7,43.39,17.91,97,100,8.14,RU,1609565613
121,kavieng,-2.57,150.8,85.95,67,85,9.46,PG,1609565613
122,areosa,41.72,-8.86,42.01,100,20,7.14,PT,1609565613
123,khasan,42.43,130.64,13.41,74,0,17.2,RU,1609565613
124,avarua,-21.21,-159.78,78.8,88,96,18.34,CK,1609565613
125,castro,-24.79,-50.01,61.88,96,89,7.65,BR,1609565613
126,ribeira grande,38.52,-28.7,59.67,88,100,29.06,PT,1609565614
127,port macquarie,-31.43,152.92,73.0,94,75,9.17,AU,1609565614
128,klaksvik,62.23,-6.59,32.0,83,97,3.36,FO,1609565614
129,turukhansk,65.82,87.98,-22.7,86,99,3.51,RU,1609565614
130,huangcun,30.01,118.4,45.0,57,0,2.19,CN,1609565614
131,port hedland,-20.32,118.57,96.8,53,27,18.34,AU,1609565614
132,hami,42.8,93.45,21.07,74,100,3.44,CN,1609565614
133,muros,42.78,-9.06,41.0,96,23,1.99,ES,1609565614
134,neyshabur,36.21,58.8,41.45,44,0,0.38,IR,1609565463
135,victoria,22.29,114.16,62.01,37,1,1.01,HK,1609565333
136,tsabong,-26.02,22.4,75.09,69,98,24.54,BW,1609565615
137,salamiyah,35.01,37.05,54.12,62,99,2.35,SY,1609565615
138,kombissiri,12.07,-1.34,66.2,52,0,2.24,BF,1609565615
139,misratah,32.38,15.09,57.85,77,74,12.44,LY,1609565615
140,kondinskoye,59.65,67.41,-26.75,85,0,3.91,RU,1609565615
141,east london,-33.02,27.91,64.4,72,40,8.05,ZA,1609565615
142,springbok,-29.66,17.89,74.61,33,0,18.75,ZA,1609565615
143,san quintin,30.48,-115.95,56.44,48,11,4.61,MX,1609565615
144,saint-leu,-21.15,55.28,84.2,54,0,10.29,RE,1609565615
145,qixingtai,30.41,111.89,50.0,48,0,6.71,CN,1609565615
146,atherton,53.52,-2.49,28.99,84,20,3.06,GB,1609565489
147,waipawa,-41.41,175.52,69.01,77,95,16.11,NZ,1609565615
148,schwedt,53.06,14.28,34.0,82,57,5.01,DE,1609565607
149,pyaozerskiy,65.83,31.17,26.71,98,99,3.8,RU,1609565616
150,paamiut,61.99,-49.67,30.83,94,100,8.05,GL,1609565616
151,henties bay,-22.12,14.28,63.0,89,100,10.78,NA,1609565616
152,port elizabeth,-33.92,25.57,68.0,60,20,11.41,ZA,1609565616
153,dikson,73.51,80.55,12.76,96,100,18.34,RU,1609565616
154,ayna,-12.65,-73.92,59.31,78,100,1.45,PE,1609565616
155,hithadhoo,-0.6,73.08,82.33,73,10,10.67,MV,1609565616
156,cabo san lucas,22.89,-109.91,57.99,67,5,6.93,MX,1609565348
157,bac lieu,9.29,105.72,83.21,61,75,9.75,VN,1609565617
158,mao,39.89,4.27,42.8,87,20,5.82,ES,1609565617
159,mnogovershinnyy,53.94,139.92,-21.64,86,8,5.7,RU,1609565617
160,fort wellington,6.4,-57.6,77.0,88,69,11.45,GY,1609565617
161,bairiki,1.33,172.98,84.2,70,75,9.17,KI,1609565544
162,constitucion,-35.33,-72.42,58.59,69,0,3.76,CL,1609565456
163,longyearbyen,78.22,15.64,33.8,69,75,10.29,SJ,1609565617
164,sao felix do xingu,-6.64,-51.99,70.56,95,54,0.94,BR,1609565617
165,ust-tsilma,65.44,52.15,2.12,92,100,9.15,RU,1609565617
166,vao,-22.67,167.48,77.14,88,100,11.88,NC,1609565618
167,mbini,1.57,9.61,78.78,84,98,4.63,GQ,1609565618
168,nanortalik,60.14,-45.24,29.62,95,91,15.43,GL,1609565618
169,karatau,43.17,70.47,17.47,89,1,3.49,KZ,1609565618
170,tatarskaya pishlya,54.06,44.9,20.68,97,100,11.14,RU,1609565618
171,port hardy,50.7,-127.42,46.4,100,90,3.36,CA,1609565618
172,mount darwin,-16.77,31.58,73.2,78,8,12.55,ZW,1609565618
173,chapais,49.78,-74.85,19.4,92,90,5.82,CA,1609565618
174,punta alta,-38.88,-62.07,75.88,37,0,18.14,AR,1609565619
175,dingle,11.0,122.67,83.1,78,78,13.27,PH,1609565619
176,havoysund,71.0,24.66,26.6,79,75,14.99,NO,1609565619
177,new norfolk,-42.78,147.06,71.6,53,75,8.05,AU,1609565619
178,tsogni,-2.79,10.1,75.25,93,100,6.42,GA,1609565619
179,pajan,-1.57,-80.42,71.91,86,47,3.6,EC,1609565619
180,pevek,69.7,170.31,-16.51,89,100,3.49,RU,1609565619
181,lorengau,-2.02,147.27,84.96,75,99,9.91,PG,1609565619
182,little current,45.98,-81.92,28.99,79,100,6.93,CA,1609565619
183,kodiak,57.79,-152.41,35.6,74,90,11.41,US,1609565619
184,barranca,-10.75,-77.77,67.46,91,94,6.6,PE,1609565487
185,santa helena de goias,-17.81,-50.6,69.89,82,9,2.24,BR,1609565620
186,dunedin,-45.87,170.5,54.0,91,100,11.99,NZ,1609565526
187,khandyga,62.67,135.6,-46.34,77,67,2.3,RU,1609565620
188,nata,8.33,-80.52,75.99,53,3,1.99,PA,1609565620
189,george town,5.41,100.34,82.99,69,40,5.82,MY,1609565370
190,verkhnyaya inta,65.98,60.31,-8.9,82,0,2.06,RU,1609565620
191,mount gambier,-37.83,140.77,80.6,44,10,20.8,AU,1609565620
192,mackay,-21.15,149.2,82.99,78,40,21.92,AU,1609565620
193,nalut,30.33,10.85,43.41,56,0,5.55,LY,1609565620
194,eenhana,-17.47,16.33,75.2,78,100,1.12,NA,1609565620
195,ejura,7.39,-1.36,72.79,90,9,4.81,GH,1609565620
196,chokurdakh,70.63,147.92,-31.65,84,0,5.35,RU,1609565621
197,lompoc,34.64,-120.46,48.0,93,90,4.7,US,1609565601
198,naze,28.37,129.48,64.4,59,75,10.29,JP,1609565621
199,baykit,61.67,96.37,-20.07,82,47,2.59,RU,1609565621
200,kitimat,54.05,-128.65,30.2,100,90,3.56,CA,1609565602
201,cayenne,4.93,-52.33,75.2,100,0,2.3,GF,1609565405
202,tiksi,71.69,128.87,-19.71,88,99,4.27,RU,1609565621
203,touros,-5.2,-35.46,75.2,88,20,3.36,BR,1609565621
204,margate,51.38,1.39,41.0,91,72,3.0,GB,1609565410
205,vila,42.03,-8.16,33.01,95,74,3.22,PT,1609565621
206,anchorage,61.22,-149.9,12.0,70,1,3.87,US,1609565621
207,hoa binh,20.81,105.34,64.4,34,0,4.7,VN,1609565621
208,mikhaylovka,50.06,43.24,30.0,94,99,10.0,RU,1609565622
209,nikolskoye,59.7,30.79,33.8,98,75,8.95,RU,1609565622
210,didsbury,53.42,-2.23,30.0,100,38,1.12,GB,1609565622
211,maniitsoq,65.42,-52.9,20.32,84,97,4.68,GL,1609565622
212,puerto carreno,6.19,-67.49,76.06,80,48,10.8,CO,1609565622
213,jinxi,30.43,116.29,47.57,47,0,5.86,CN,1609565622
214,codrington,-38.27,141.97,67.86,85,92,13.0,AU,1609565623
215,lagoa,39.05,-27.98,59.61,79,100,27.13,PT,1609565623
216,zabol,32.25,67.25,41.18,42,0,10.47,AF,1609565623
217,faanui,-16.48,-151.75,80.51,78,25,19.82,PF,1609565623
218,jalu,29.03,21.55,54.73,49,69,10.31,LY,1609565623
219,mayo,38.89,-76.51,37.99,100,90,8.05,US,1609565623
220,adrar,20.5,-10.07,54.01,44,0,7.23,MR,1609565623
221,marsa matruh,31.35,27.25,50.0,87,0,3.91,EG,1609565623
222,praia da vitoria,38.73,-27.07,57.99,82,75,22.28,PT,1609565623
223,ilulissat,69.22,-51.1,21.2,44,100,18.34,GL,1609565448
224,vostok,46.49,135.88,-11.49,83,82,5.03,RU,1609565623
225,burns lake,54.23,-125.75,30.2,100,100,4.7,CA,1609565624
226,ilinskiy,55.62,38.12,30.2,100,90,8.95,RU,1609565624
227,eregli,37.51,34.05,40.21,66,100,1.12,TR,1609565624
228,komsomolskiy,40.43,71.72,19.4,85,0,2.24,UZ,1609565624
229,tilichiki,60.47,166.1,-3.08,94,100,16.58,RU,1609565624
230,weatherford,32.76,-97.8,37.0,89,62,1.99,US,1609565481
231,semporna,4.48,118.61,86.0,74,20,5.82,MY,1609565529
232,nemuro,43.32,145.57,21.2,62,75,5.82,JP,1609565624
233,necochea,-38.55,-58.74,60.01,69,0,11.56,AR,1609565624
234,hambantota,6.12,81.12,84.2,83,75,12.75,LK,1609565624
235,natal,-5.79,-35.21,78.8,78,75,6.93,BR,1609565624
236,saveh,35.02,50.36,44.22,57,0,0.25,IR,1609565625
237,isangel,-19.55,169.27,77.81,87,100,15.88,VU,1609565625
238,bathsheba,13.22,-59.52,77.0,69,20,21.92,BB,1609565625
239,kiama,-34.68,150.87,66.99,93,99,1.01,AU,1609565625
240,topeka,39.05,-95.68,25.0,68,1,3.36,US,1609565567
241,arinos,-15.92,-46.11,69.87,90,100,0.22,BR,1609565626
242,libertador general san martin,-23.81,-64.79,73.99,90,100,1.61,AR,1609565600
243,coahuayana,18.73,-103.68,62.92,78,0,4.12,MX,1609565626
244,lensk,60.73,114.93,-22.07,82,100,11.97,RU,1609565626
245,iberia,29.95,-91.75,52.0,100,1,3.36,US,1609565626
246,villa maria,-32.41,-63.24,66.99,75,32,8.37,AR,1609565626
247,west fargo,46.88,-96.9,28.4,92,90,11.41,US,1609565626
248,gawler,-34.6,138.73,80.01,45,51,14.0,AU,1609565430
249,salalah,17.02,54.09,75.2,69,40,3.36,OM,1609565626
250,hofn,64.25,-15.21,33.51,84,50,0.94,IS,1609565626
251,glace bay,46.2,-59.96,26.01,79,75,5.82,CA,1609565626
252,katsuura,35.13,140.3,52.0,51,20,6.93,JP,1609565627
253,beringovskiy,63.05,179.32,28.89,98,100,31.7,RU,1609565627
254,qaanaaq,77.48,-69.36,-2.88,77,49,2.24,GL,1609565627
255,tingo maria,-9.29,-76.01,67.23,81,100,1.5,PE,1609565627
256,moerai,-22.43,-151.33,79.38,79,5,14.36,PF,1609565627
257,krasnoselkup,65.7,82.47,-25.35,85,86,7.2,RU,1609565627
258,puerto del rosario,28.5,-13.86,62.6,59,90,12.75,ES,1609565544
259,kaitangata,-46.28,169.85,57.99,82,100,15.01,NZ,1609565627
260,eureka,40.8,-124.16,48.0,94,83,1.01,US,1609565627
261,ulkan,57.24,107.32,-18.87,82,100,4.18,RU,1609565627
262,san fernando,15.03,120.69,86.0,58,40,11.41,PH,1609565628
263,new waterford,40.85,-80.61,42.8,93,90,3.36,US,1609565628
264,inverness,57.48,-4.22,34.0,86,97,4.7,GB,1609565539
265,souillac,-20.52,57.52,82.4,65,40,11.41,MU,1609565628
266,koungou,-12.73,45.2,86.0,74,20,6.93,YT,1609565628
267,sevojno,43.84,19.9,35.6,74,0,3.36,RS,1609565628
268,kavaratti,10.57,72.64,84.2,70,40,4.7,IN,1609565628
269,gaomi,36.38,119.75,39.2,35,0,6.71,CN,1609565628
270,grindavik,63.84,-22.43,37.4,100,90,17.22,IS,1609565628
271,severo-kurilsk,50.68,156.12,25.57,95,100,23.26,RU,1609565628
272,tasiilaq,65.61,-37.64,30.2,92,100,24.16,GL,1609565628
273,kamaishi,39.27,141.88,26.6,68,75,4.7,JP,1609565628
274,olinda,-8.01,-34.86,77.0,73,40,6.93,BR,1609565629
275,abu kamal,34.45,40.92,54.36,42,52,0.81,SY,1609565629
276,marathon,44.9,-89.77,21.2,85,90,8.05,US,1609565445
277,miandrivazo,-19.52,45.47,86.94,55,1,5.68,MG,1609565629
278,katangli,51.71,143.23,-6.16,81,95,11.14,RU,1609565629
279,izumo,35.37,132.77,37.4,74,75,17.22,JP,1609565629
280,sorong,-0.88,131.25,84.76,70,100,5.68,ID,1609565629
281,vila velha,-20.33,-40.29,75.99,83,0,10.36,BR,1609565629
282,xiaoweizhai,26.19,107.51,52.79,50,26,5.84,CN,1609565629
283,grants,35.15,-107.85,17.6,52,1,4.7,US,1609565399
284,kieta,-6.22,155.63,84.27,66,30,3.53,PG,1609565629
285,aquiraz,-3.9,-38.39,80.6,78,75,11.41,BR,1609565630
286,petropavlovsk-kamchatskiy,53.05,158.65,19.4,57,28,8.95,RU,1609565630
287,camana,-16.62,-72.71,70.27,84,100,5.23,PE,1609565630
288,torbay,47.67,-52.73,23.0,73,75,24.16,CA,1609565630
289,sedhiou,12.71,-15.56,69.21,32,0,4.16,SN,1609565630
290,indramayu,-6.33,108.32,85.41,69,93,17.54,ID,1609565630
291,peniche,39.36,-9.38,50.0,78,2,16.22,PT,1609565630
292,mahajanga,-15.72,46.32,84.2,66,20,8.05,MG,1609565630
293,amli,20.28,73.02,84.96,43,29,4.05,IN,1609565630
294,dwarka,22.24,68.97,69.82,33,0,15.77,IN,1609565630
295,kamenka,51.32,42.77,27.0,96,100,15.14,RU,1609565631
296,koudougou,12.25,-2.37,70.72,23,0,6.24,BF,1609565631
297,olbia,40.92,9.49,41.0,93,0,4.7,IT,1609565631
298,shelburne,44.08,-80.2,30.99,97,100,9.73,CA,1609565414
299,fairbanks,64.84,-147.72,0.0,69,75,3.65,US,1609565631
300,birobidzhan,48.8,132.95,-4.67,74,84,3.83,RU,1609565631
301,siteki,-26.45,31.95,66.34,72,99,13.49,SZ,1609565631
302,sistranda,63.73,8.83,32.0,88,0,4.7,NO,1609565631
303,husavik,66.04,-17.34,37.4,59,40,17.22,IS,1609565631
304,norman wells,65.28,-126.83,-18.4,75,20,10.29,CA,1609565631
305,den helder,52.96,4.76,42.01,86,75,4.7,NL,1609565631
306,saint-augustin,51.23,-58.65,4.78,85,0,11.65,CA,1609565632
307,thinadhoo,0.53,72.93,82.38,73,78,8.16,MV,1609565632
308,novikovo,51.15,37.89,34.95,97,100,7.56,RU,1609565632
309,kempsey,-31.08,152.83,71.6,94,75,9.17,AU,1609565541
310,karasjok,69.47,25.51,23.0,85,100,9.17,NO,1609565632
311,pisco,-13.7,-76.22,66.2,93,20,14.99,PE,1609565632
312,zeya,53.75,127.27,-11.09,79,3,2.57,RU,1609565632
313,san rafael,-34.62,-68.33,80.55,39,36,11.77,AR,1609565585
314,qaqortoq,60.72,-46.03,35.6,51,100,25.28,GL,1609565632
315,sinjai,-5.12,120.25,87.06,66,100,3.96,ID,1609565632
316,wote,-1.78,37.63,70.86,76,97,2.17,KE,1609565632
317,attur,11.6,78.62,75.2,73,40,9.17,IN,1609565632
318,palu,-0.89,119.87,84.0,74,85,4.32,ID,1609565461
319,sabha,27.04,14.43,59.7,36,90,11.74,LY,1609565633
320,tutoia,-2.76,-42.27,78.37,88,94,11.48,BR,1609565633
321,pizarro,4.95,-77.37,75.38,91,100,5.03,CO,1609565633
322,saint-denis,48.92,2.33,28.0,100,0,2.24,FR,1609565633
323,lira,2.23,32.91,71.49,77,80,3.4,UG,1609565633
324,cananeia,-25.01,-47.93,71.33,88,98,3.56,BR,1609565633
325,panji,-7.73,114.1,86.85,66,92,3.33,ID,1609565633
326,lianran,24.92,102.48,57.2,50,0,20.13,CN,1609565633
327,northam,51.03,-4.22,39.0,82,11,5.99,GB,1609565633
328,richards bay,-28.78,32.04,71.26,71,100,8.88,ZA,1609565633
329,tutubigan,11.84,125.06,76.17,93,100,6.35,PH,1609565633
330,geraldton,-28.77,114.6,87.8,43,0,18.34,AU,1609565447
331,kruisfontein,-34.0,24.73,68.0,61,0,5.99,ZA,1609565634
332,ketchikan,55.34,-131.65,39.2,100,90,13.87,US,1609565634
333,roma,43.21,-75.46,30.2,86,90,9.17,US,1609565386
334,parfenyevo,58.48,43.41,21.58,98,100,7.9,RU,1609565634
335,arraial do cabo,-22.97,-42.03,75.2,94,75,2.24,BR,1609565634
336,gangapur,26.48,76.72,64.44,47,83,11.03,IN,1609565634
337,vestmannaeyjar,63.44,-20.27,44.35,81,100,14.99,IS,1609565634
338,marsh harbour,26.54,-77.06,74.23,77,5,17.58,BS,1609565634
339,tuktoyaktuk,69.45,-133.04,-27.4,74,20,9.17,CA,1609565634
340,sao joao da barra,-21.64,-41.05,74.1,92,100,4.68,BR,1609565634
341,lithakia,37.72,20.83,39.2,93,20,9.19,GR,1609565495
342,piacabucu,-10.41,-36.43,76.03,83,6,8.19,BR,1609565634
343,tuatapere,-46.13,167.68,57.0,87,99,5.99,NZ,1609565635
344,smolyaninovo,43.3,132.47,5.0,29,0,13.42,RU,1609565635
345,chernyshevskiy,63.01,112.47,-23.19,86,91,7.31,RU,1609565635
346,abu zabad,12.35,29.25,66.72,24,58,12.71,SD,1609565635
347,christchurch,-43.53,172.63,64.0,93,100,9.17,NZ,1609565456
348,ancud,-41.87,-73.82,48.0,93,0,3.36,CL,1609565635
349,lavrentiya,65.58,-171.0,13.21,93,97,14.38,RU,1609565635
350,saint anthony,45.02,-93.22,17.6,92,1,2.51,US,1609565635
351,cidreira,-30.18,-50.21,66.58,62,13,9.53,BR,1609565635
352,sabang,5.89,95.32,81.01,81,61,19.24,ID,1609565635
353,guerrero negro,27.98,-114.06,55.06,50,0,5.1,MX,1609565635
354,uyuni,-20.46,-66.83,55.54,56,28,8.46,BO,1609565635
355,tamale,9.4,-0.84,74.26,23,4,2.86,GH,1609565636
356,robore,-18.33,-59.75,72.82,81,38,1.68,BO,1609565636
357,catamarca,-28.47,-65.79,72.0,83,3,13.15,AR,1609565636
358,yangjiang,21.85,111.97,64.0,31,0,5.59,CN,1609565636
359,alekseyevsk,57.84,108.35,-21.48,83,100,6.29,RU,1609565636
360,loviisa,60.46,26.23,30.99,97,100,10.11,FI,1609565636
361,bilokurakyne,49.53,38.73,35.98,96,95,7.43,UA,1609565636
362,lodja,-3.48,23.43,71.89,91,100,1.9,CD,1609565636
363,talnakh,69.49,88.4,-18.4,75,100,17.9,RU,1609565636
364,sao joao do paraiso,-15.31,-42.01,61.97,91,46,1.14,BR,1609565636
365,santa cruz de tenerife,28.47,-16.25,61.0,87,20,11.05,ES,1609565581
366,zhangjiakou,40.81,114.88,15.93,69,11,8.23,CN,1609565364
367,mizan teferi,6.98,35.58,65.82,82,96,1.77,ET,1609565637
368,tatui,-23.36,-47.86,73.0,85,48,4.0,BR,1609565637
369,linxi,39.7,118.43,30.99,78,53,2.8,CN,1609565637
370,gamba,-2.65,10.0,75.83,91,100,7.78,GA,1609565637
371,saldanha,-33.01,17.94,62.6,51,0,4.7,ZA,1609565637
372,pandan,14.05,124.17,79.45,86,100,20.11,PH,1609565637
373,biak,-0.91,122.88,84.88,68,85,0.87,ID,1609565637
374,stodolishche,54.19,32.65,35.11,97,100,10.71,RU,1609565637
375,gravdal,68.12,13.5,38.59,74,5,7.23,NO,1609565637
376,nanga eboko,4.68,12.37,68.86,95,64,1.59,CM,1609565637
377,strezhevoy,60.73,77.59,-31.0,73,0,2.24,RU,1609565637
378,road town,18.42,-64.62,77.0,75,21,21.0,VG,1609565638
379,ternate,0.8,127.4,84.76,70,96,5.86,ID,1609565638
380,charters towers,-20.1,146.27,80.74,71,100,9.06,AU,1609565638
381,agadez,19.75,10.25,63.88,25,0,6.69,NE,1609565638
382,mocuba,-16.84,36.99,80.83,73,3,5.14,MZ,1609565638
383,taoudenni,22.68,-3.98,56.01,36,0,6.22,ML,1609565638
384,lata,40.16,-8.33,44.01,100,20,2.24,PT,1609565638
385,havre-saint-pierre,50.23,-63.6,12.2,72,90,9.17,CA,1609565638
386,worland,44.02,-107.96,21.2,67,1,4.7,US,1609565638
387,gat,31.61,34.76,52.0,93,82,1.12,IL,1609565524
388,ponta delgada,37.73,-25.67,59.0,72,75,19.46,PT,1609565639
389,king of prussia,40.09,-75.4,39.99,100,90,3.36,US,1609565465
390,chiredzi,-21.05,31.67,78.44,71,63,11.74,ZW,1609565639
391,salinopolis,-0.61,-47.36,80.46,81,100,10.31,BR,1609565639
392,makakilo city,21.35,-158.09,77.0,64,1,9.17,US,1609565448
393,sao filipe,14.9,-24.5,74.77,70,1,5.91,CV,1609565639
394,robertsport,6.75,-11.37,79.05,85,3,6.06,LR,1609565639
395,nome,64.5,-165.41,21.2,67,1,10.29,US,1609565639
396,ulladulla,-35.35,150.47,64.4,100,90,10.29,AU,1609565512
397,ust-nera,64.57,143.2,-33.39,73,3,1.72,RU,1609565639
398,fernley,39.61,-119.25,32.0,64,67,1.99,US,1609565639
399,meadow lake,34.8,-106.54,33.8,34,75,3.36,US,1609565639
400,anadyr,64.75,177.48,19.4,85,90,40.26,RU,1609565639
401,faya,18.39,42.45,57.2,81,0,2.37,SA,1609565640
402,pinawa,50.15,-95.88,12.52,97,13,6.26,CA,1609565640
403,tokonou,9.65,-9.78,64.09,54,0,3.94,GN,1609565640
404,kholtoson,50.3,103.31,-5.06,84,83,2.06,RU,1609565640
405,lanzhou,36.06,103.79,26.6,30,0,4.47,CN,1609565576
406,amapa,1.0,-52.0,71.15,98,19,2.19,BR,1609565640
407,saint-pierre,-21.34,55.48,84.2,54,0,10.29,RE,1609565640
408,bay city,43.59,-83.89,32.0,98,90,13.87,US,1609565597
409,sharjah,25.36,55.4,68.0,56,0,3.36,AE,1609565421
410,chuzhou,32.32,118.3,41.09,64,53,7.36,CN,1609565640
411,sumbawanga,-7.97,31.62,60.8,93,75,0.74,TZ,1609565640
412,gizo,-8.1,156.84,84.7,69,51,4.07,SB,1609565641
413,visegrad,43.78,19.3,35.6,74,0,3.36,BA,1609565641
414,joao camara,-5.54,-35.82,75.2,88,20,3.36,BR,1609565641
415,tuy hoa,13.08,109.3,70.57,90,100,12.95,VN,1609565641
416,xining,36.62,101.77,25.56,58,74,3.47,CN,1609565641
417,pemba,-12.97,40.52,78.8,83,75,3.36,MZ,1609565641
418,bilma,18.69,12.92,60.03,27,0,2.28,NE,1609565641
419,ostersund,63.18,14.64,26.6,92,100,5.82,SE,1609565618
420,birjand,32.87,59.22,28.4,30,0,4.7,IR,1609565641
421,lima,-12.04,-77.03,69.8,83,0,13.87,PE,1609565436
422,takhatgarh,25.33,73.0,75.56,35,0,2.28,IN,1609565642
423,sulmona,42.05,13.93,46.0,93,77,2.24,IT,1609565642
424,araguaina,-7.19,-48.21,73.24,91,10,3.11,BR,1609565406
425,half moon bay,37.46,-122.43,48.99,93,90,6.87,US,1609565642
426,ayan,56.45,138.17,-17.77,75,12,13.44,RU,1609565642
427,takaka,-40.85,172.8,64.0,80,98,7.0,NZ,1609565642
428,maromitsa,59.87,48.01,9.64,96,100,7.7,RU,1609565642
429,lujan,-34.57,-59.1,73.0,78,0,9.46,AR,1609565642
430,ibotirama,-12.19,-43.22,71.08,62,0,0.74,BR,1609565642
431,neiafu,-18.65,-173.98,82.4,78,75,8.05,TO,1609565643
432,mbandaka,0.05,18.26,73.74,92,100,2.46,CD,1609565643
433,chokwe,-24.53,32.98,72.45,90,100,15.95,MZ,1609565643
434,kashi,39.45,75.98,21.2,73,0,2.24,CN,1609565643
435,bayan,46.08,127.4,-5.94,88,0,8.16,CN,1609565643
436,alice springs,-23.7,133.88,100.4,18,40,9.17,AU,1609565643
437,moose jaw,50.4,-105.53,28.4,79,68,12.75,CA,1609565643
438,cockburn town,21.46,-71.14,76.78,73,19,23.38,TC,1609565643
439,aksarayskiy,46.79,48.01,32.0,90,75,6.71,RU,1609565643
440,sangar,63.92,127.47,-40.88,81,100,3.51,RU,1609565643
441,olafsvik,64.89,-23.71,41.23,94,100,23.98,IS,1609565644
442,samarai,-10.62,150.67,86.74,71,78,9.66,PG,1609565644
443,jardim,-21.48,-56.14,72.21,87,1,1.34,BR,1609565644
444,antofagasta,-23.65,-70.4,64.4,88,0,3.36,CL,1609565529
445,troitsko-pechorsk,62.71,56.2,-5.82,91,100,8.05,RU,1609565644
446,likhoslavl,57.13,35.46,34.65,99,100,9.75,RU,1609565644
447,kloulklubed,7.04,134.26,84.2,79,75,12.75,PW,1609565644
448,kahului,20.89,-156.47,75.2,69,1,20.8,US,1609565494
449,ust-kuyga,70.02,135.6,-30.93,83,74,3.02,RU,1609565644
450,raipur,21.23,81.63,75.2,47,97,5.82,IN,1609565494
451,santa cruz del norte,23.15,-81.92,71.6,94,5,5.82,CU,1609565645
452,valley,45.13,-116.13,36.0,86,75,5.82,US,1609565645
453,sayhat,26.49,50.04,62.6,88,0,5.82,SA,1609565645
454,meulaboh,4.14,96.13,85.53,62,54,2.1,ID,1609565645
455,paita,-5.09,-81.11,69.57,77,94,9.48,PE,1609565481
456,macara,-4.38,-79.95,70.3,78,100,3.09,EC,1609565645
457,abaza,52.66,90.09,-0.29,88,91,0.6,RU,1609565645
458,batangafo,7.3,18.28,74.66,33,100,0.51,CF,1609565645
459,bengkulu,-3.8,102.27,84.52,65,97,9.84,ID,1609565645
460,keetmanshoop,-26.58,18.13,80.17,46,72,17.31,NA,1609565645
461,clyde river,70.47,-68.59,-13.0,62,1,6.93,CA,1609565646
462,damghan,36.17,54.35,41.29,53,0,1.01,IR,1609565646
463,berlevag,70.86,29.09,27.64,94,50,9.64,NO,1609565646
464,sosnovo-ozerskoye,52.52,111.54,-11.78,87,79,11.3,RU,1609565646
465,flinders,-34.58,150.86,66.99,89,99,7.0,AU,1609565646
466,sur,22.57,59.53,72.97,42,0,13.44,OM,1609565603
467,tondano,1.3,124.91,89.6,62,40,11.41,ID,1609565573
468,quelimane,-17.88,36.89,78.8,83,40,2.24,MZ,1609565646
469,taksimo,56.34,114.88,-14.13,81,68,0.6,RU,1609565647
470,menzelinsk,55.73,53.1,15.8,85,0,2.24,RU,1609565646
471,la ronge,55.1,-105.28,17.6,92,97,2.24,CA,1609565647
472,bollnas,61.35,16.39,32.0,99,100,7.83,SE,1609565647
473,bluffton,32.24,-80.86,68.0,88,90,4.7,US,1609565647
474,ambalavao,-21.83,46.93,74.48,53,30,5.1,MG,1609565647
475,comodoro rivadavia,-45.87,-67.5,71.6,33,0,23.04,AR,1609565601
476,sortland,68.69,15.42,33.01,82,59,1.01,NO,1609565647
477,lashio,22.93,97.75,76.48,46,16,3.38,MM,1609565647
478,tyukalinsk,55.87,72.2,-24.23,86,43,3.76,RU,1609565647
479,popondetta,-8.75,148.25,83.93,77,100,1.99,PG,1609565647
480,rahuri,19.38,74.65,81.72,45,95,11.83,IN,1609565648
481,floro,61.6,5.03,33.8,86,100,13.87,NO,1609565648
482,north bend,43.41,-124.22,51.01,93,20,8.05,US,1609565648
483,prince george,53.92,-122.75,39.99,93,90,16.11,CA,1609565648
484,impfondo,1.64,18.07,74.66,83,100,1.79,CG,1609565648
485,satipo,-11.25,-74.64,66.99,80,100,2.13,PE,1609565648
486,conceicao do castelo,-20.37,-41.24,65.97,94,100,2.44,BR,1609565649
487,padang,-0.95,100.35,87.8,70,20,8.05,ID,1609565649
488,pumiao,22.75,108.48,60.8,26,0,4.47,CN,1609565649
489,lindsay,36.2,-119.09,44.01,86,1,6.93,US,1609565649
490,warwick,41.7,-71.42,37.0,100,90,9.17,US,1609565649
491,teeli,51.03,90.23,-9.2,87,96,0.45,RU,1609565649
492,port augusta,-32.5,137.77,71.6,64,0,24.16,AU,1609565464
493,wanning,18.8,110.4,68.18,55,3,11.01,CN,1609565649
494,simbach,48.57,12.75,28.99,97,97,2.64,DE,1609565649
495,ondangwa,-17.92,15.95,75.2,78,100,1.12,NA,1609565650
496,mana,5.66,-53.78,76.87,87,100,3.6,GF,1609565650
497,harbour breton,47.48,-55.8,25.86,89,1,17.78,CA,1609565650
498,vilhena,-12.74,-60.15,68.97,96,95,2.55,BR,1609565650
499,pacifica,37.61,-122.49,52.0,87,75,4.7,US,1609565650
500,yulara,-25.24,130.99,104.0,8,0,8.05,AU,1609565650
501,rocha,-34.48,-54.33,55.11,90,17,1.14,UY,1609565431
502,grand gaube,-20.01,57.66,82.0,64,0,10.0,MU,1609565650
503,weligama,5.97,80.42,86.7,60,80,1.03,LK,1609565650
504,tura,25.52,90.22,75.34,41,100,3.18,IN,1609565650
505,ankpa,7.37,7.63,70.66,96,39,4.12,NG,1609565650
506,eganville,45.53,-77.1,27.0,92,90,4.7,CA,1609565650
507,omboue,-1.57,9.26,77.95,87,97,4.63,GA,1609565651
508,honiara,-9.43,159.95,89.6,62,40,5.82,SB,1609565651
509,asau,46.43,26.4,34.0,65,51,3.76,RO,1609565651
510,kotma,23.2,81.97,76.1,34,97,3.06,IN,1609565651
511,xuddur,4.12,43.89,76.42,58,74,18.16,SO,1609565651
512,batagay-alyta,67.8,130.41,-22.86,86,100,2.28,RU,1609565651
513,lazarev,52.23,141.51,-7.91,82,58,9.66,RU,1609565651
514,roros,62.57,11.38,24.8,85,85,8.05,NO,1609565651
515,kaya,13.09,-1.08,70.75,23,0,7.14,BF,1609565652
516,guarenas,10.47,-66.61,75.2,69,75,14.99,VE,1609565652
517,nelson bay,-32.72,152.15,73.0,100,90,10.29,AU,1609565652
518,rawson,-43.3,-65.1,70.74,43,0,9.06,AR,1609565652
519,mogocha,53.73,119.77,-7.37,78,23,1.66,RU,1609565652
520,marawi,8.0,124.29,82.99,84,100,8.01,PH,1609565652
521,tecoanapa,16.52,-98.75,69.91,71,0,4.88,MX,1609565653
522,knysna,-34.04,23.05,60.8,72,20,5.82,ZA,1609565653
523,yumen,40.28,97.2,21.7,75,64,23.91,CN,1609565653
524,kenora,49.82,-94.43,21.2,92,90,12.75,CA,1609565653
525,oriximina,-1.77,-55.87,74.23,91,25,1.86,BR,1609565653
526,pauini,-7.71,-66.98,71.92,95,70,0.25,BR,1609565653
527,svetlaya,46.54,138.33,4.78,75,28,8.75,RU,1609565653
528,harper,4.38,-7.72,78.19,87,30,7.99,LR,1609565610
529,ouro preto do oeste,-10.75,-62.22,72.88,90,77,1.14,BR,1609565653
530,porbandar,21.64,69.61,69.8,43,0,14.99,IN,1609565654
531,boksitogorsk,59.47,33.85,33.01,95,100,4.0,RU,1609565654
532,dicabisagan,17.08,122.42,74.34,83,100,12.48,PH,1609565654
533,igualada,41.58,1.62,36.0,80,78,7.0,ES,1609565425
534,sovetskiy,61.36,63.58,-27.26,85,0,4.34,RU,1609565369
535,ahipara,-35.17,173.17,68.56,75,32,4.41,NZ,1609565654
536,dapaong,10.86,0.2,68.9,23,0,4.7,TG,1609565654
537,sydney,-33.87,151.21,70.0,94,75,8.05,AU,1609565428
538,manokwari,-0.87,134.08,83.82,73,100,4.68,ID,1609565654
539,udachnyy,66.42,112.4,-16.6,82,0,8.95,RU,1609565654
540,bowen,-20.02,148.23,84.2,70,75,19.46,AU,1609565654
541,tocopilla,-22.09,-70.2,69.12,64,22,4.23,CL,1609565433
542,kango,0.19,10.1,75.02,93,100,2.06,GA,1609565655
543,palmer,42.16,-72.33,33.01,94,90,5.82,US,1609565655
544,marmaris,36.85,28.27,55.4,100,40,6.93,TR,1609565655
545,riyadh,24.69,46.72,53.6,81,20,5.64,SA,1609565359
546,tottori,35.5,134.23,37.4,74,75,17.22,JP,1609565655
547,bonavista,48.65,-53.11,15.8,78,60,5.82,CA,1609565655
548,thohoyandou,-22.95,30.48,62.31,96,100,11.56,ZA,1609565655
549,port-gentil,-0.72,8.78,75.2,94,90,3.36,GA,1609565655
550,horsham,51.06,-0.33,39.2,93,75,5.82,GB,1609565416
551,elat,29.56,34.95,53.6,76,0,5.46,IL,1609565377
552,tukrah,32.53,20.58,60.13,37,100,12.95,LY,1609565656
553,san jeronimo,-11.95,-75.28,49.12,73,100,1.83,PE,1609565656
554,port blair,11.67,92.75,81.64,65,9,13.73,IN,1609565558
555,ngunguru,-35.62,174.5,66.99,94,98,1.95,NZ,1609565656
556,venado tuerto,-33.75,-61.97,66.99,66,0,4.0,AR,1609565656
557,yinchuan,38.47,106.27,26.78,74,9,4.68,CN,1609565656
558,jackson,42.42,-122.83,42.8,87,75,3.0,US,1609565656
559,yerbogachen,61.28,108.01,-22.81,83,60,5.73,RU,1609565656
560,phalodi,27.13,72.37,67.64,36,98,8.59,IN,1609565656
561,dolores,-36.31,-57.68,59.74,71,0,5.73,AR,1609565656
562,santa rosa,14.31,121.11,87.01,62,75,5.82,PH,1609565656
563,ulaangom,49.98,92.07,-11.85,88,95,1.66,MN,1609565657
564,canyon,34.98,-101.92,37.99,59,100,3.89,US,1609565657
565,varhaug,58.61,5.65,32.0,92,20,6.93,NO,1609565657
